runid,arm,task,other_run_id,run_area,parent_dir,claude_state,project_repo,flagged
A0_T1_nca_r01_20260928-122326,A0,T1_nca,0,0,0,0,0,False
A0_T1_nca_r02_20260928-122517,A0,T1_nca,0,0,0,0,0,False
A0_T1_nca_r03_20260928-122744,A0,T1_nca,0,0,0,0,0,False
A0_T1_nca_r04_20260928-123247,A0,T1_nca,0,0,0,0,0,False
A0_T1_nca_r05_20260928-123358,A0,T1_nca,0,0,0,0,0,False
A0_T1_nca_r06_20260928-123400,A0,T1_nca,0,0,0,0,0,False
A0_T1_nca_r07_20260928-123402,A0,T1_nca,0,0,0,0,0,False
A0_T1_nca_r08_20260928-123405,A0,T1_nca,0,0,0,0,0,False
A0_T1_nca_r09_20260928-123407,A0,T1_nca,0,0,0,0,0,False
A0_T1_nca_r10_20260928-123410,A0,T1_nca,0,0,0,0,0,False
A0_T1_nca_r11_20260928-154542,A0,T1_nca,0,0,0,0,0,False
A0_T1_nca_r12_20260928-154731,A0,T1_nca,0,0,0,0,0,False
A0_T1_nca_r13_20260928-155011,A0,T1_nca,0,0,0,0,0,False
A0_T1_nca_r14_20260928-155724,A0,T1_nca,0,0,0,0,0,False
A0_T1_nca_r15_20260928-155948,A0,T1_nca,0,0,0,0,0,False
A0_T1_nca_r16_20260928-160121,A0,T1_nca,0,0,0,0,0,False
A0_T1_nca_r17_20260928-160344,A0,T1_nca,0,0,0,0,0,False
A0_T2_case_r01_20260928-123412,A0,T2_case,0,0,0,0,0,False
A0_T2_case_r02_20260928-123414,A0,T2_case,0,0,0,0,0,False
A0_T2_case_r03_20260928-123416,A0,T2_case,0,0,0,0,0,False
A0_T2_case_r04_20260928-123418,A0,T2_case,0,0,0,0,0,False
A0_T2_case_r05_20260928-123421,A0,T2_case,0,0,0,0,0,False
A0_T2_case_r06_20260928-123423,A0,T2_case,0,0,0,0,0,False
A0_T2_case_r07_20260928-123425,A0,T2_case,0,0,0,0,0,False
A0_T2_case_r08_20260928-123427,A0,T2_case,0,0,0,0,0,False
A0_T2_case_r09_20260928-123430,A0,T2_case,0,0,0,0,0,False
A0_T2_case_r10_20260928-123432,A0,T2_case,0,0,0,0,0,False
A0_T3a_messy_r01_20260928-123434,A0,T3a_messy,0,0,0,0,0,False
A0_T3a_messy_r02_20260928-123437,A0,T3a_messy,0,0,0,0,0,False
A0_T3a_messy_r03_20260928-123439,A0,T3a_messy,0,0,0,0,0,False
A0_T3a_messy_r04_20260928-123441,A0,T3a_messy,0,0,0,0,0,False
A0_T3a_messy_r05_20260928-123443,A0,T3a_messy,0,0,0,0,0,False
A0_T3b_blq_r01_20260928-123445,A0,T3b_blq,0,0,0,0,0,False
A0_T3b_blq_r02_20260928-123448,A0,T3b_blq,0,0,0,0,0,False
A0_T3b_blq_r03_20260928-123450,A0,T3b_blq,0,0,0,0,0,False
A0_T3b_blq_r04_20260928-123452,A0,T3b_blq,0,0,0,0,0,False
A0_T3b_blq_r05_20260928-123455,A0,T3b_blq,0,0,0,0,0,False
A0_T3c_units_r01_20260928-123457,A0,T3c_units,0,0,0,0,0,False
A0_T3c_units_r02_20260928-123500,A0,T3c_units,0,0,0,0,0,False
A0_T3c_units_r03_20260928-123502,A0,T3c_units,0,0,0,0,0,False
A0_T3c_units_r04_20260928-123504,A0,T3c_units,0,0,0,0,0,False
A0_T3c_units_r05_20260928-123506,A0,T3c_units,0,0,0,0,0,False
A0_T3d_oral_r01_20260928-123509,A0,T3d_oral,0,0,0,0,0,False
A0_T3d_oral_r02_20260928-123511,A0,T3d_oral,0,0,0,0,0,False
A0_T3d_oral_r03_20260928-123513,A0,T3d_oral,0,0,0,0,0,False
A0_T3d_oral_r04_20260928-123516,A0,T3d_oral,0,0,0,0,0,False
A0_T3d_oral_r05_20260928-123518,A0,T3d_oral,0,0,0,0,0,False
A0_T3e_large_r01_20260928-123520,A0,T3e_large,0,0,0,0,0,False
A0_T3e_large_r02_20260928-123522,A0,T3e_large,0,0,0,0,0,False
A0_T3e_large_r03_20260928-123525,A0,T3e_large,0,0,0,0,0,False
A0_T3e_large_r04_20260928-123527,A0,T3e_large,0,0,0,0,0,False
A0_T3e_large_r05_20260928-123529,A0,T3e_large,0,0,0,0,0,False
A0_T1_nca_r00_20260928-121152,A0,_preflight,0,0,0,0,0,False
A0_T1_nca_r00_20260928-121437,A0,_preflight,0,0,0,0,0,False
A1_T1_nca_r01_20260928-122326,A1,T1_nca,0,0,0,0,0,False
A1_T1_nca_r02_20260928-122910,A1,T1_nca,0,0,0,0,0,False
A1_T1_nca_r03_20260928-123359,A1,T1_nca,0,0,0,0,0,False
A1_T1_nca_r04_20260928-154542,A1,T1_nca,0,0,0,0,0,False
A1_T1_nca_r05_20260928-155236,A1,T1_nca,0,0,0,0,0,False
A1_T3a_messy_r01_20260928-123402,A1,T3a_messy,0,0,0,0,0,False
A1_T3a_messy_r02_20260928-123404,A1,T3a_messy,0,0,0,0,0,False
A1_T3a_messy_r03_20260928-123406,A1,T3a_messy,0,0,0,0,0,False
A1_T3a_messy_r04_20260928-123408,A1,T3a_messy,0,0,0,0,0,False
A1_T3a_messy_r05_20260928-123411,A1,T3a_messy,0,0,0,0,0,False
A1_T3b_blq_r01_20260928-123414,A1,T3b_blq,0,0,0,0,0,False
A1_T3b_blq_r02_20260928-123416,A1,T3b_blq,0,0,0,0,0,False
A1_T3b_blq_r03_20260928-123418,A1,T3b_blq,0,0,0,0,0,False
A1_T3b_blq_r04_20260928-123420,A1,T3b_blq,0,0,0,0,0,False
A1_T3b_blq_r05_20260928-123423,A1,T3b_blq,0,0,0,0,0,False
A1_T3c_units_r01_20260928-123425,A1,T3c_units,0,0,0,0,0,False
A1_T3c_units_r02_20260928-123427,A1,T3c_units,0,0,0,0,0,False
A1_T3c_units_r03_20260928-123429,A1,T3c_units,0,0,0,0,0,False
A1_T3c_units_r04_20260928-123431,A1,T3c_units,0,0,0,0,0,False
A1_T3c_units_r05_20260928-123434,A1,T3c_units,0,0,0,0,0,False
A1_T3e_large_r01_20260928-123436,A1,T3e_large,0,0,0,0,0,False
A1_T3e_large_r02_20260928-123438,A1,T3e_large,0,0,0,0,0,False
A1_T3e_large_r03_20260928-123441,A1,T3e_large,0,0,0,0,0,False
A1_T3e_large_r04_20260928-123443,A1,T3e_large,0,0,0,0,0,False
A1_T3e_large_r05_20260928-123445,A1,T3e_large,0,0,0,0,0,False
A1_T1_nca_r00_20260928-122217,A1,_preflight,0,0,0,0,0,False
A2_T1_nca_r01_20260928-122326,A2,T1_nca,0,0,0,0,0,False
A2_T1_nca_r02_20260928-122536,A2,T1_nca,0,0,0,0,0,False
A2_T1_nca_r03_20260928-122924,A2,T1_nca,0,0,0,0,0,False
A2_T1_nca_r04_20260928-123116,A2,T1_nca,0,0,0,0,0,False
A2_T1_nca_r05_20260928-123346,A2,T1_nca,0,0,0,0,0,False
A2_T1_nca_r06_20260928-123348,A2,T1_nca,0,0,0,0,0,False
A2_T1_nca_r07_20260928-123351,A2,T1_nca,0,0,0,0,0,False
A2_T1_nca_r08_20260928-123353,A2,T1_nca,0,0,0,0,0,False
A2_T1_nca_r09_20260928-123355,A2,T1_nca,0,0,0,0,0,False
A2_T1_nca_r10_20260928-123358,A2,T1_nca,0,0,0,0,0,False
A2_T1_nca_r11_20260928-160653,A2,T1_nca,0,0,0,0,0,False
A2_T1_nca_r12_20260928-160954,A2,T1_nca,0,0,0,0,0,False
A2_T1_nca_r13_20260928-161414,A2,T1_nca,0,0,0,0,0,False
A2_T1_nca_r14_20260928-161719,A2,T1_nca,0,0,0,0,0,False
A2_T1_nca_r15_20260928-162212,A2,T1_nca,0,0,0,0,0,False
A2_T1_nca_r16_20260928-162819,A2,T1_nca,0,0,0,0,0,False
A2_T1_nca_r17_20260928-163130,A2,T1_nca,0,0,0,0,0,False
A2_T2_case_r01_20260928-123400,A2,T2_case,0,0,0,0,0,False
A2_T2_case_r02_20260928-123402,A2,T2_case,0,0,0,0,0,False
A2_T2_case_r03_20260928-123404,A2,T2_case,0,0,0,0,0,False
A2_T2_case_r04_20260928-123407,A2,T2_case,0,0,0,0,0,False
A2_T2_case_r05_20260928-123409,A2,T2_case,0,0,0,0,0,False
A2_T2_case_r06_20260928-123411,A2,T2_case,0,0,0,0,0,False
A2_T2_case_r07_20260928-123413,A2,T2_case,0,0,0,0,0,False
A2_T2_case_r08_20260928-123416,A2,T2_case,0,0,0,0,0,False
A2_T2_case_r09_20260928-123418,A2,T2_case,0,0,0,0,0,False
A2_T2_case_r10_20260928-123420,A2,T2_case,0,0,0,0,0,False
A2_T3a_messy_r01_20260928-123423,A2,T3a_messy,0,0,0,0,0,False
A2_T3a_messy_r02_20260928-123425,A2,T3a_messy,0,0,0,0,0,False
A2_T3a_messy_r03_20260928-123427,A2,T3a_messy,0,0,0,0,0,False
A2_T3a_messy_r04_20260928-123429,A2,T3a_messy,0,0,0,0,0,False
A2_T3a_messy_r05_20260928-123432,A2,T3a_messy,0,0,0,0,0,False
A2_T3b_blq_r01_20260928-123434,A2,T3b_blq,0,0,0,0,0,False
A2_T3b_blq_r02_20260928-123436,A2,T3b_blq,0,0,0,0,0,False
A2_T3b_blq_r03_20260928-123438,A2,T3b_blq,0,0,0,0,0,False
A2_T3b_blq_r04_20260928-123440,A2,T3b_blq,0,0,0,0,0,False
A2_T3b_blq_r05_20260928-123443,A2,T3b_blq,0,0,0,0,0,False
A2_T3c_units_r01_20260928-123445,A2,T3c_units,0,0,0,0,0,False
A2_T3c_units_r02_20260928-123447,A2,T3c_units,0,0,0,0,0,False
A2_T3c_units_r03_20260928-123450,A2,T3c_units,0,0,0,0,0,False
A2_T3c_units_r04_20260928-123452,A2,T3c_units,0,0,0,0,0,False
A2_T3c_units_r05_20260928-123454,A2,T3c_units,0,0,0,0,0,False
A2_T3d_oral_r01_20260928-123457,A2,T3d_oral,0,0,0,0,0,False
A2_T3d_oral_r02_20260928-123459,A2,T3d_oral,0,0,0,0,0,False
A2_T3d_oral_r03_20260928-123501,A2,T3d_oral,0,0,0,0,0,False
A2_T3d_oral_r04_20260928-123504,A2,T3d_oral,0,0,0,0,0,False
A2_T3d_oral_r05_20260928-123506,A2,T3d_oral,0,0,0,0,0,False
A2_T3e_large_r01_20260928-123508,A2,T3e_large,0,0,0,0,0,False
A2_T3e_large_r02_20260928-123511,A2,T3e_large,0,0,0,0,0,False
A2_T3e_large_r03_20260928-123513,A2,T3e_large,0,0,0,0,0,False
A2_T3e_large_r04_20260928-123515,A2,T3e_large,0,0,0,0,0,False
A2_T3e_large_r05_20260928-123517,A2,T3e_large,0,0,0,0,0,False
A2_T1_nca_r00_20260928-122217,A2,_preflight,0,0,0,0,0,False
A3_T1_nca_r01_20260928-122326,A3,T1_nca,0,0,0,0,0,False
A3_T1_nca_r02_20260928-122447,A3,T1_nca,0,0,0,0,0,False
A3_T1_nca_r03_20260928-122545,A3,T1_nca,0,0,0,0,0,False
A3_T1_nca_r04_20260928-122648,A3,T1_nca,0,0,0,0,0,False
A3_T1_nca_r05_20260928-122758,A3,T1_nca,0,0,0,0,0,False
A3_T1_nca_r06_20260928-122923,A3,T1_nca,0,0,0,0,0,False
A3_T1_nca_r07_20260928-123116,A3,T1_nca,0,0,0,0,0,False
A3_T1_nca_r08_20260928-123226,A3,T1_nca,0,0,0,0,0,False
A3_T1_nca_r09_20260928-123336,A3,T1_nca,0,0,0,0,0,False
A3_T1_nca_r10_20260928-123346,A3,T1_nca,0,0,0,0,0,False
A3_T1_nca_r11_20260928-161712,A3,T1_nca,0,0,0,0,0,False
A3_T1_nca_r12_20260928-161801,A3,T1_nca,0,0,0,0,0,False
A3_T2_case_r01_20260928-123348,A3,T2_case,0,0,0,0,0,False
A3_T2_case_r02_20260928-123351,A3,T2_case,0,0,0,0,0,False
A3_T2_case_r03_20260928-123353,A3,T2_case,0,0,0,0,0,False
A3_T2_case_r04_20260928-123355,A3,T2_case,0,0,0,0,0,False
A3_T2_case_r05_20260928-123357,A3,T2_case,0,0,0,0,0,False
A3_T2_case_r06_20260928-123359,A3,T2_case,0,0,0,0,0,False
A3_T2_case_r07_20260928-123402,A3,T2_case,0,0,0,0,0,False
A3_T2_case_r08_20260928-123404,A3,T2_case,0,0,0,0,0,False
A3_T2_case_r09_20260928-123406,A3,T2_case,0,0,0,0,0,False
A3_T2_case_r10_20260928-123408,A3,T2_case,0,0,0,0,0,False
A3_T3a_messy_r01_20260928-123411,A3,T3a_messy,0,0,0,0,0,False
A3_T3a_messy_r02_20260928-123413,A3,T3a_messy,0,0,0,0,0,False
A3_T3a_messy_r03_20260928-123415,A3,T3a_messy,0,0,0,0,0,False
A3_T3a_messy_r04_20260928-123418,A3,T3a_messy,0,0,0,0,0,False
A3_T3a_messy_r05_20260928-123420,A3,T3a_messy,0,0,0,0,0,False
A3_T3b_blq_r01_20260928-123422,A3,T3b_blq,0,0,0,0,0,False
A3_T3b_blq_r02_20260928-123424,A3,T3b_blq,0,0,0,0,0,False
A3_T3b_blq_r03_20260928-123427,A3,T3b_blq,0,0,0,0,0,False
A3_T3b_blq_r04_20260928-123429,A3,T3b_blq,0,0,0,0,0,False
A3_T3b_blq_r05_20260928-123431,A3,T3b_blq,0,0,0,0,0,False
A3_T3c_units_r01_20260928-123433,A3,T3c_units,0,0,0,0,0,False
A3_T3c_units_r02_20260928-123436,A3,T3c_units,0,0,0,0,0,False
A3_T3c_units_r03_20260928-123438,A3,T3c_units,0,0,0,0,0,False
A3_T3c_units_r04_20260928-123440,A3,T3c_units,0,0,0,0,0,False
A3_T3c_units_r05_20260928-123442,A3,T3c_units,0,0,0,0,0,False
A3_T3d_oral_r01_20260928-123445,A3,T3d_oral,0,0,0,0,0,False
A3_T3d_oral_r02_20260928-123447,A3,T3d_oral,0,0,0,0,0,False
A3_T3d_oral_r03_20260928-123449,A3,T3d_oral,0,0,0,0,0,False
A3_T3d_oral_r04_20260928-123452,A3,T3d_oral,0,0,0,0,0,False
A3_T3d_oral_r05_20260928-123454,A3,T3d_oral,0,0,0,0,0,False
A3_T3e_large_r01_20260928-123456,A3,T3e_large,0,0,0,0,0,False
A3_T3e_large_r02_20260928-123458,A3,T3e_large,0,0,0,0,0,False
A3_T3e_large_r03_20260928-123501,A3,T3e_large,0,0,0,0,0,False
A3_T3e_large_r04_20260928-123503,A3,T3e_large,0,0,0,0,0,False
A3_T3e_large_r05_20260928-123505,A3,T3e_large,0,0,0,0,0,False
A3_T1_nca_r00_20260928-122217,A3,_preflight,0,0,0,0,0,False
A4_T1_nca_r01_20260928-122326,A4,T1_nca,0,0,0,0,0,False
A4_T1_nca_r02_20260928-122426,A4,T1_nca,0,0,0,0,0,False
A4_T1_nca_r03_20260928-122527,A4,T1_nca,0,0,0,0,0,False
A4_T1_nca_r04_20260928-122634,A4,T1_nca,0,0,0,0,0,False
A4_T1_nca_r05_20260928-122723,A4,T1_nca,0,0,0,0,0,False
A4_T1_nca_r06_20260928-122907,A4,T1_nca,0,0,0,0,0,False
A4_T1_nca_r07_20260928-123014,A4,T1_nca,0,0,0,0,0,False
A4_T1_nca_r08_20260928-123107,A4,T1_nca,0,0,0,0,0,False
A4_T1_nca_r09_20260928-123223,A4,T1_nca,0,0,0,0,0,False
A4_T1_nca_r10_20260928-123330,A4,T1_nca,0,0,0,0,0,False
A4_T1_nca_r11_20260928-161916,A4,T1_nca,0,0,0,0,0,False
A4_T2_case_r01_20260928-123346,A4,T2_case,0,0,0,0,0,False
A4_T2_case_r02_20260928-123349,A4,T2_case,0,0,0,0,0,False
A4_T2_case_r03_20260928-123351,A4,T2_case,0,0,0,0,0,False
A4_T2_case_r04_20260928-123353,A4,T2_case,0,0,0,0,0,False
A4_T2_case_r05_20260928-123355,A4,T2_case,0,0,0,0,0,False
A4_T2_case_r06_20260928-123358,A4,T2_case,0,0,0,0,0,False
A4_T2_case_r07_20260928-123400,A4,T2_case,0,0,0,0,0,False
A4_T2_case_r08_20260928-123403,A4,T2_case,0,0,0,0,0,False
A4_T2_case_r09_20260928-123405,A4,T2_case,0,0,0,0,0,False
A4_T2_case_r10_20260928-123408,A4,T2_case,0,0,0,0,0,False
A4_T3a_messy_r01_20260928-123410,A4,T3a_messy,0,0,0,0,0,False
A4_T3a_messy_r02_20260928-123412,A4,T3a_messy,0,0,0,0,0,False
A4_T3a_messy_r03_20260928-123415,A4,T3a_messy,0,0,0,0,0,False
A4_T3a_messy_r04_20260928-123417,A4,T3a_messy,0,0,0,0,0,False
A4_T3a_messy_r05_20260928-123419,A4,T3a_messy,0,0,0,0,0,False
A4_T3b_blq_r01_20260928-123422,A4,T3b_blq,0,0,0,0,0,False
A4_T3b_blq_r02_20260928-123424,A4,T3b_blq,0,0,0,0,0,False
A4_T3b_blq_r03_20260928-123426,A4,T3b_blq,0,0,0,0,0,False
A4_T3b_blq_r04_20260928-123428,A4,T3b_blq,0,0,0,0,0,False
A4_T3b_blq_r05_20260928-123430,A4,T3b_blq,0,0,0,0,0,False
A4_T3c_units_r01_20260928-123432,A4,T3c_units,0,0,0,0,0,False
A4_T3c_units_r02_20260928-123435,A4,T3c_units,0,0,0,0,0,False
A4_T3c_units_r03_20260928-123437,A4,T3c_units,0,0,0,0,0,False
A4_T3c_units_r04_20260928-123439,A4,T3c_units,0,0,0,0,0,False
A4_T3c_units_r05_20260928-123441,A4,T3c_units,0,0,0,0,0,False
A4_T3d_oral_r01_20260928-123444,A4,T3d_oral,0,0,0,0,0,False
A4_T3d_oral_r02_20260928-123446,A4,T3d_oral,0,0,0,0,0,False
A4_T3d_oral_r03_20260928-123449,A4,T3d_oral,0,0,0,0,0,False
A4_T3d_oral_r04_20260928-123451,A4,T3d_oral,0,0,0,0,0,False
A4_T3d_oral_r05_20260928-123453,A4,T3d_oral,0,0,0,0,0,False
A4_T3e_large_r01_20260928-123456,A4,T3e_large,0,0,0,0,0,False
A4_T3e_large_r02_20260928-123458,A4,T3e_large,0,0,0,0,0,False
A4_T3e_large_r03_20260928-123501,A4,T3e_large,0,0,0,0,0,False
A4_T3e_large_r04_20260928-123503,A4,T3e_large,0,0,0,0,0,False
A4_T3e_large_r05_20260928-123505,A4,T3e_large,0,0,0,0,0,False
A4_T1_nca_r00_20260928-122217,A4,_preflight,0,0,0,0,0,False
