runid,arm,task,status,scored_file,coverage_pct,overall,npts_match_pct,Cmax_pct,Tmax_pct,AUClast_pct,AUCINF_obs_pct,HL_pct,CL_pct,Vz_pct
A0_T1_nca_r01_20260928-122326,A0,T1_nca,ok,output/nca_individual.csv,100.0,92.74,81.4,100.0,100.0,92.42,93.65,86.62,93.65,82.88
A0_T1_nca_r02_20260928-122517,A0,T1_nca,ok,output/individual_nca.csv,100.0,91.57,77.12,100.0,100.0,92.42,92.84,83.28,92.84,79.6
A0_T1_nca_r03_20260928-122744,A0,T1_nca,ok,output/nca_individual.csv,89.64,92.74,81.4,100.0,100.0,92.42,93.65,86.62,93.65,82.88
A0_T1_nca_r11_20260928-154542,A0,T1_nca,ok,output/individual_nca.csv,89.64,92.74,0.0,100.0,100.0,92.42,93.65,86.62,93.65,82.88
A0_T1_nca_r12_20260928-154731,A0,T1_nca,ok,output/individual_nca.csv,89.64,92.74,81.4,100.0,100.0,92.42,93.65,86.62,93.65,82.88
A0_T1_nca_r13_20260928-155011,A0,T1_nca,ok,output/nca_individual.csv,89.64,92.74,81.4,100.0,100.0,92.42,93.65,86.62,93.65,82.88
A0_T1_nca_r14_20260928-155724,A0,T1_nca,ok,output/individual_nca.csv,100.0,93.91,77.12,100.0,100.0,98.35,96.45,83.28,96.45,82.81
A0_T1_nca_r15_20260928-155948,A0,T1_nca,ok,output/nca_individual.csv,89.64,95.09,81.4,100.0,100.0,98.35,97.26,86.62,97.26,86.15
A0_T1_nca_r16_20260928-160121,A0,T1_nca,ok,output/nca_individual.csv,89.64,92.74,0.0,100.0,100.0,92.42,93.65,86.62,93.65,82.88
A0_T1_nca_r17_20260928-160344,A0,T1_nca,ok,output/nca_individual.csv,89.64,95.09,81.4,100.0,100.0,98.35,97.26,86.62,97.26,86.15
A1_T1_nca_r01_20260928-122326,A1,T1_nca,ok,output/nca_individual.csv,100.0,98.29,95.32,100.0,100.0,98.96,99.0,95.79,99.0,95.32
A1_T1_nca_r04_20260928-154542,A1,T1_nca,ok,output/nca_individual_with_subjid.csv,99.92,98.29,95.32,100.0,100.0,98.96,99.0,95.79,99.0,95.32
A1_T1_nca_r05_20260928-155236,A1,T1_nca,ok,output/nca_individual.csv,100.0,97.97,95.32,100.0,100.0,98.3,98.46,95.79,98.46,94.78
A2_T1_nca_r01_20260928-122326,A2,T1_nca,ok,output/nca_individual.csv,100.0,98.58,95.32,99.89,99.89,99.78,99.46,95.85,99.46,95.72
A2_T1_nca_r02_20260928-122536,A2,T1_nca,ok,output/nca_individual.csv,100.0,98.7,95.32,100.0,100.0,100.0,99.6,95.85,99.6,95.85
A2_T1_nca_r03_20260928-122924,A2,T1_nca,ok,output/nca_individual.csv,89.64,98.58,95.32,99.89,99.89,99.78,99.46,95.85,99.46,95.72
A2_T1_nca_r11_20260928-160653,A2,T1_nca,ok,output/nca_individual.csv,89.64,98.7,95.32,100.0,100.0,100.0,99.6,95.85,99.6,95.85
A2_T1_nca_r12_20260928-160954,A2,T1_nca,ok,output/nca_individual.csv,89.64,98.7,0.0,100.0,100.0,100.0,99.6,95.85,99.6,95.85
A2_T1_nca_r13_20260928-161414,A2,T1_nca,ok,output/nca_individual.csv,89.64,98.58,95.32,99.89,99.89,99.78,99.46,95.85,99.46,95.72
A2_T1_nca_r14_20260928-161719,A2,T1_nca,ok,output/nca_individual.csv,100.0,98.7,95.32,100.0,100.0,100.0,99.6,95.85,99.6,95.85
A2_T1_nca_r15_20260928-162212,A2,T1_nca,ok,output/nca_individual.csv,100.0,98.58,95.32,99.89,99.89,99.78,99.46,95.85,99.46,95.72
A2_T1_nca_r16_20260928-162819,A2,T1_nca,ok,output/individual_nca.csv,89.64,98.7,95.38,100.0,100.0,100.0,99.6,95.85,99.6,95.85
A2_T1_nca_r17_20260928-163130,A2,T1_nca,ok,output/nca_individual.csv,100.0,98.7,95.32,100.0,100.0,100.0,99.6,95.85,99.6,95.85
A3_T1_nca_r01_20260928-122326,A3,T1_nca,ok,output/nca_results_individual.csv,99.92,98.64,95.32,100.0,100.0,100.0,99.46,95.79,99.46,95.79
A3_T1_nca_r02_20260928-122447,A3,T1_nca,ok,output/nca_results_individual.csv,99.92,98.64,95.32,100.0,100.0,100.0,99.46,95.79,99.46,95.79
A3_T1_nca_r03_20260928-122545,A3,T1_nca,ok,output/nca_results_individual.csv,99.92,98.64,95.32,100.0,100.0,100.0,99.46,95.79,99.46,95.79
A3_T1_nca_r04_20260928-122648,A3,T1_nca,ok,output/nca_results_individual.csv,99.92,98.64,95.32,100.0,100.0,100.0,99.46,95.79,99.46,95.79
A3_T1_nca_r05_20260928-122758,A3,T1_nca,ok,output/nca_results_individual.csv,99.92,98.64,95.32,100.0,100.0,100.0,99.46,95.79,99.46,95.79
A3_T1_nca_r06_20260928-122923,A3,T1_nca,ok,output/nca_results_individual.csv,99.92,98.64,95.32,100.0,100.0,100.0,99.46,95.79,99.46,95.79
A3_T1_nca_r07_20260928-123116,A3,T1_nca,ok,output/nca_results_individual.csv,99.92,98.64,95.32,100.0,100.0,100.0,99.46,95.79,99.46,95.79
A3_T1_nca_r08_20260928-123226,A3,T1_nca,ok,output/nca_results_individual.csv,99.92,98.64,95.32,100.0,100.0,100.0,99.46,95.79,99.46,95.79
A3_T1_nca_r11_20260928-161712,A3,T1_nca,ok,output/nca_results_individual.csv,99.92,98.64,95.32,100.0,100.0,100.0,99.46,95.79,99.46,95.79
A3_T1_nca_r12_20260928-161801,A3,T1_nca,ok,output/nca_results_individual.csv,99.92,98.64,95.32,100.0,100.0,100.0,99.46,95.79,99.46,95.79
A4_T1_nca_r01_20260928-122326,A4,T1_nca,ok,output/nca_results_individual.csv,99.92,98.64,95.32,100.0,100.0,100.0,99.46,95.79,99.46,95.79
A4_T1_nca_r02_20260928-122426,A4,T1_nca,ok,output/nca_results_individual.csv,99.92,98.64,95.32,100.0,100.0,100.0,99.46,95.79,99.46,95.79
A4_T1_nca_r03_20260928-122527,A4,T1_nca,ok,output/nca_results_individual.csv,99.92,98.64,95.32,100.0,100.0,100.0,99.46,95.79,99.46,95.79
A4_T1_nca_r04_20260928-122634,A4,T1_nca,ok,output/nca_results_individual.csv,99.92,98.64,95.32,100.0,100.0,100.0,99.46,95.79,99.46,95.79
A4_T1_nca_r05_20260928-122723,A4,T1_nca,ok,output/nca_results_individual.csv,99.92,98.64,95.32,100.0,100.0,100.0,99.46,95.79,99.46,95.79
A4_T1_nca_r06_20260928-122907,A4,T1_nca,ok,output/nca_results_individual.csv,99.92,98.64,95.32,100.0,100.0,100.0,99.46,95.79,99.46,95.79
A4_T1_nca_r07_20260928-123014,A4,T1_nca,ok,output/nca_results_individual.csv,99.92,98.64,95.32,100.0,100.0,100.0,99.46,95.79,99.46,95.79
A4_T1_nca_r08_20260928-123107,A4,T1_nca,ok,output/nca_results/nca_results_individual.csv,99.92,98.64,95.32,100.0,100.0,100.0,99.46,95.79,99.46,95.79
A4_T1_nca_r09_20260928-123223,A4,T1_nca,ok,output/nca_results_individual.csv,99.92,98.64,95.32,100.0,100.0,100.0,99.46,95.79,99.46,95.79
A4_T1_nca_r11_20260928-161916,A4,T1_nca,ok,output/nca_results_individual.csv,99.92,98.64,95.32,100.0,100.0,100.0,99.46,95.79,99.46,95.79
